cv_id,candidate_name,email,phone,candidate_text,recommendation
13,Not Provided,Not Provided,Not Provided,"The candidate is a dependable Computer Application Analyst with comprehensive experience in diagnosing and troubleshooting network, hardware, and desktop issues. They have a strong background in tracking and evaluating IT infrastructure incidents and possess diverse industry experience in health care and government. Their expertise includes systems applications, technical helpdesk experience, information protection analysis, and on-call troubleshooting in distributed multi-tier environments. They have advanced skills in using Epic medical software to register patients and train doctors and nurses on inputting medical information into the Epic system.

As a member of the Epic Pelican Project team for LSU Medical Science Center, the candidate contributed to the successful implementation of the domain system at FMOL Health System and worked with the Epic software Go-Live team to troubleshoot issues. They acted as the lead Application Analyst for LSU Medical Science.

In their current role as a Patient Access Representative since March 2015, they are responsible for obtaining complete and accurate demographic information and entering data thoroughly on patients. They notify patients of co-payments, deductibles, or deposits and train new employees on how to navigate the Epic software.

Previously, they worked as a Geek Squad Consultation Agent from June 2014 to March 2015, where they diagnosed and resolved clients' computer problems, upgraded hardware and software, and removed viruses and malware from clients' computers. They also served as a Technical Support Specialist from September 2013 to December 2013, demonstrating advanced product knowledge with AT&T products, managing a trouble ticket system, and providing courteous customer service.

As an EHR Application Analyst from October 2011 to March 2012, the candidate worked closely with medical staff to ensure Epic access, supported end users with technical issues, and troubleshot any arising problems. They provided primary technical support as a Computer Analyst from February 2009 to December 2011, training employees and setting up new accounts for doctors and staff. Additionally, they resolved computer desktop and laptop issues as a Computer Assistant/Functional Administrator from June 2001 to March 2007, leading team meetings and recommending new software to management as needed.

The candidate holds a Bachelor of Science degree in Computer Information Systems with a focus on Telecommunication Systems Support from Tulane University, obtained in 2008, and an Associate of Science degree in Computer Network Engineering from Delgado Community College, obtained in 2002. They are a veteran of the United States Navy with an honorable discharge.

Their technical skills include proficiency in system software such as Adobe Dreamweaver, Help Desk software, HTML, IBM Mainframes, and Microsoft Office applications. They have experience in network support, database management, and excellent communication skills, particularly in customer support and conflict resolution. The candidate is also a candidate for Project Management Professional (PMP) certification.","--- Evaluation Report ---
Job Title: IT Support Specialist

Candidate Fit Level: Strong Fit

Strengths:
- **Healthcare Experience**: The candidate has extensive experience in healthcare environments, specifically with Epic Systems, which is a key requirement of the job description.
- **Technical Assistance**: They have a proven track record of providing technical support to clinical staff, as evidenced by their roles in the Epic Pelican Project and as an EHR Application Analyst.
- **EMR Systems Knowledge**: The candidate's expertise with Epic medical software, including training end-users (doctors and nurses), aligns perfectly with the job's focus on supporting and maintaining EMR systems.
- **Communication Skills**: They demonstrate strong communication skills, particularly in training new employees and providing customer support, which is emphasized in the job description.
- **Diverse IT Experience**: The candidate has a broad background in IT support, including troubleshooting hardware and software issues, which is essential for the role.
- **Education**: Their educational background in Computer Information Systems and Computer Network Engineering provides a solid foundation for the technical aspects of the job.

Missing or Weak Areas:
- **Specific Experience with Government Institutions**: While the candidate has experience in government, it is not clear how directly this relates to the specific requirements of the role in a hospital or clinical setting.
- **Advanced Network and Database Knowledge**: Although they mention experience in network support and database management, there are no specific details or examples that demonstrate advanced knowledge in these areas, which could be important for the role.
- **Project Management Skills**: While the candidate is a candidate for PMP certification, they do not provide evidence of practical project management experience, which could be beneficial in a dynamic IT support environment.

---------------------------"
11,Candidate Name,candidate.email@example.com,(123) 456-7890,"The candidate has extensive experience as an RN Staff Nurse from August 2008 to April 2014, where they participated in multidisciplinary plans of care, followed best practice protocols, and engaged in patient-centered and team-based care. They identified barriers to successful treatment and communicated these with the team, while also monitoring, measuring, and documenting the progress of interventions and outcomes. The candidate ensured timely and effective communication of newly implemented changes to unit-based methods of practice. Their accomplishments include being a certified instructor in Management of Aggressive Behavior (MOAB), serving as a Patient Experience Champion, chairing the Shared Governance Policy & Procedure Committee, obtaining Oncology Certification, and implementing unit bedside reports and hourly rounding. Their skills in this role included therapeutic touch and communication, teach-back communication, assessments, IV care, telemetry care, and wound care, including wound vacs and dressing changes. They demonstrated excellent organizational skills and maintained collaborative working relationships with unit team members, physicians, technicians, pharmacy, housekeeping, and other ancillary team members.

Prior to this, the candidate worked as an RN Resident Care Manager from July 2007 to July 2008, where they managed care for adult and senior patient populations. They possessed knowledge of various care levels, including SNF, ECF, ICF, ALF, rehab, and hospice. Their responsibilities included attending and participating in care conferences, developing and distributing expected outcomes to the interdisciplinary team, assigning and directing care provided by licensed staff across a 24-hour schedule, reconciling monthly MARs, disposing of outdated medications, and developing and monitoring appropriate care plans. They created and communicated a unit mission statement and developed an effective teamwork model for licensed staff and caregivers. The candidate utilized effective oral and written communication and organizational skills, determined and directed appropriate care, navigated electronic medical records, and provided compassionate communication to family members in times of crisis.

From July 2000 to June 2007, the candidate served as an RN Charge Nurse, where they assessed acuity, assigned staff, reviewed charts, and obtained and signed off orders. They provided guidance and monitoring to team members to balance workloads throughout shifts and participated in staff meetings and hospital-wide agendas. In the Geriatric Assessment Center (GAC), they performed total body assessments, including hearing, vision, and labs. Their accomplishments during this time included obtaining Geriatric Resource Nurse (GRN) certification from 2003 to 2008, being a hospital-based NICHE member, serving on the Pain Management Resource team, and participating in Evidence-Based Practice implementation. The candidate also worked as an Administrative Assistant from April 1990 to April 1996, where they maintained informational material, assisted applicants with application completion, compiled information for reports, set up and maintained supervised bank accounts, reconciled local office banking systems, serviced delinquent accounts, prepared tax vouchers, and ensured the weekly backup of computer files.

The candidate holds a Bachelor of Science in Nursing (BSN) from Washington State University, obtained in 2007, an Associate Degree in Nursing (ADN) from Clark College, completed in 2000, and an Associate of Arts in General Studies from Clark College, completed in 1987. They also have a background in Medical Administration from Western Business College, completed in 1982. Their skills encompass balance, banking, basic charting, oral and written communication, basic computer skills, conference participation, direction, instructional capabilities, organizational skills, and teamwork.","--- Evaluation Report ---
Job Title: IT Support Specialist

Candidate Fit Level: Not a Good Fit

Strengths:
- The candidate has extensive experience in the healthcare environment, which is relevant to the IT Support Specialist role.
- They have demonstrated strong communication skills through their nursing roles, particularly in patient-centered care and team collaboration.
- The candidate has experience navigating electronic medical records (EMR), which is a key component of the job description.

Missing or Weak Areas:
- The candidate lacks specific experience with Epic Systems, which is a critical requirement for the role.
- There is no mention of technical skills related to IT support, such as troubleshooting hardware and software issues, which are essential for the position.
- The candidate does not demonstrate knowledge of networks and databases, which is explicitly valued in the job description.
- There is no evidence of experience in training end-users on technical systems, which is a key responsibility of the role.
- The candidate's background is primarily clinical nursing, with no relevant IT support experience, making them ill-suited for the technical demands of the position.

---------------------------"
6,Not Provided,Not Provided,Not Provided,"The candidate is an accomplished and results-oriented investment professional with strong leadership and interpersonal skills, adding energy and value to an organization's quest for excellence. They possess a comprehensive skill set that includes proficiency in Internet and Microsoft Office applications such as MS Word, MS PowerPoint, MS Excel, Pivot Tables, Spreadsheets, and Macros. Additionally, they are experienced with Business Objects, Lombardi, Eagle Accounting System, PEGA, DRAS, and Workbench. Their expertise extends to account reconciliations, variance analysis, and complex problem-solving, complemented by superior research skills and effective time management.

The candidate has received multiple awards for performance and has been formally recognized for excellence in financial analysis, budgeting, and forecasting. They increased the efficiency of discrepancy investigations by designing a more accurate cash-forecasting system.

In their professional experience, the candidate worked as an Investment Accountant from October 2012 to November 2015. In this role, they reconciled mutual fund accounts with custody, identified and resolved differences in custody and accounting cash, currency, and positions using Eagle, IAX, Business Objects, Lombardi, and Workbench Reports. They communicated and collaborated with various stakeholders, including clients, fund accountants, and custodians, to resolve outstanding items in cash, currency, and positions. The candidate conducted weekly client meetings and acted as a liaison between accounting and custody. They completed special projects as needed, trained and oversaw staff in the offshore team in Pune, India, and assisted in platform migration tests. They also ran daily reports for fund accountants using Business Objects and MS Database. Notably, they received special achievement awards at BNY Mellon Bank in Asset Servicing in December 2013 and December 2014.

Prior to this, the candidate served as an AML Compliance Officer from November 2011 to March 2012, where they audited customer bank accounts, performed quality assurance reviews, reconciled results on spreadsheets, and conducted background searches on clients using tools such as World Check and Google Search.

The candidate also participated in finance projects at the University of Delaware, including a group simulation project that developed an investment philosophy and strategy for a simulated investment of $1,000,000. They allocated funds across various investment types, performed analyses to minimize CV, and conducted regression analysis on weekly returns. They also engaged in case analysis on price momentum strategy, testing its effectiveness in the US stock market.

Earlier in their career, the candidate worked as a Medical Technologist from July 2008 to March 2012, gaining clinical microbiology experience that included ordering, processing, plating, and culturing patient specimens, as well as performing rapid and confirmatory tests to identify organisms.

The candidate holds a Master of Business Administration in Finance from the University of Delaware, obtained in 2011, and a Bachelor of Science in Medical Technology from the same institution, completed in 2008. Their related coursework includes Financial Reporting and Analysis, Financial Management, Corporate Financial Policies, Investment Analysis and Portfolio Management, Corporate Governance, and Financial Engineering and Risk Management (Derivatives).

They are proficient in English, Marathi, Hindi, and Gujarati, and possess excellent multitasking, analytical thinking, time management, negotiation, communication, organization, and leadership skills. Their technical skills include MS Office applications such as Database, Macros, V-look up, and Pivot tables, as well as familiarity with company platforms like Business Objects, Workbench, Eagle, Pega, Lombardi, and DRAS.","--- Evaluation Report ---
Job Title: IT Support Specialist

Candidate Fit Level: Not a Good Fit

Strengths:
- The candidate has a background in the healthcare field as a Medical Technologist, which may provide some understanding of clinical environments.
- They possess strong communication skills, as evidenced by their experience in conducting client meetings and collaborating with various stakeholders.
- The candidate has demonstrated problem-solving abilities and analytical skills through their work in finance and accounting, which could be beneficial in troubleshooting technical issues.

Missing or Weak Areas:
- The candidate lacks direct experience with IT support, specifically in providing technical assistance to clinical staff or supporting EMR systems like Epic Systems, which is a critical requirement of the job.
- There is no mention of experience in resolving hardware and software issues, which is essential for the role of an IT Support Specialist.
- The candidate does not demonstrate knowledge of networks and databases, which is highlighted as important in the job description.
- There is no evidence of training end-users in a healthcare setting, which is a key responsibility of the position.
- The candidate's experience is primarily in finance and investment, with limited relevance to IT support or healthcare technology.

---------------------------"
2,Not Provided,Not Provided,Not Provided,"The candidate is a highly analytical and detail-oriented professional with extensive experience in financial statement preparation, quality assurance, compliance, auditing, customer service, and regulatory requirements. They possess thorough knowledge of financial reporting, cash and accrual basis accounting, fund basis reporting, GAAP, and other accounting standards. The candidate adapts quickly to new software and systems and is proficient in QuickBooks, MAS, ADP, Condo Manager, Adobe, and all Microsoft applications. They excel in problem-solving and strategic planning skills.

The candidate holds a Bachelor of Science in Accounting and a Bachelor of Science in Business Administration Finance, both obtained in May 2010 from the University of North Carolina.

In their role as a Staff Accountant from January 2014 to October 2014, they performed all month-end functions to produce financial statements, which included reconciling operating and payroll bank accounts, recording monthly sales, payroll journals, accrued payroll, sales tax, and inventory adjustments. They entered all payables and receivables for seven franchise locations and worked with vendors to resolve issues. The candidate reviewed and maintained franchise documents, collaborated with the controller on year-end reviews, and assembled financial and legal documentation for audits. They also managed a company that owned and rented out twelve commercial properties, negotiating rent rates, writing leases, and handling cash flow management and tenant inquiries. Additionally, they managed a small farming entity, maintaining cash flow and payroll journals, and filed the North Carolina Annual Report for all companies managed.

As a Staff Accountant from March 2013 to January 2014, the candidate collected daily deposits, interacted with customers regarding outstanding balances, and was responsible for all payable entries. They reconciled monthly purchasing American Express credit cards and facilitated the transition of the purchasing manager during a turnover period. They also worked closely with the VP of Finance to develop unit valuation data for future job costing.

In their previous position as a Staff Accountant from April 2012 to March 2013, they led the reconciliation of the Balance Sheet, researched transaction discrepancies, and ran project cost reconciliations. They designed Excel spreadsheets for prepaid employee benefits and reconciled American Express accounts, ensuring accurate cash projections and managing payables.

From July 2010 to August 2011, the candidate served as a Financial Management Partner, where they identified and resolved subsidiary ledger discrepancies, performed monthly bank reconciliations, and provided support to clients and employees on financial reporting issues. They trained new accounting department employees and coordinated lien and foreclosure preparations. The candidate also assisted in annual budget preparations and coordinated materials for audits and tax returns.

The candidate has been involved in various activities, including serving as an officer and chair in Alpha Sigma Phi from January 2006 to May 2010, where they held positions such as Vice President and Social Chair. They also participated in the Livestrong Foundation's Bike-a-thon. Their skills encompass a wide range of accounting functions, including accounts payable, accounts receivable, financial reporting, budgeting, cash flow projections, and software support.","--- Evaluation Report ---
Job Title: IT Support Specialist

Candidate Fit Level: Not a Good Fit

Strengths:
- The candidate demonstrates strong problem-solving skills, which are valuable in technical support roles.
- They have experience in customer service and training new employees, which could translate to training end-users in an IT support context.
- The candidate shows adaptability to new software and systems, indicating a potential ability to learn and support various IT applications.

Missing or Weak Areas:
- The candidate lacks direct experience in IT support, particularly in healthcare environments or with Epic Systems, which is a critical requirement for the role.
- There is no mention of experience with EMR systems or resolving hardware and software issues, which are essential responsibilities of the job.
- The candidate does not have any background in networks or databases, which are important technical skills for an IT Support Specialist.
- There is no evidence of working in hospitals or government institutions, which is specifically valued in the job description.
- Communication skills are mentioned indirectly through customer service experience, but there is no explicit emphasis on strong communication skills necessary for technical support roles.

---------------------------"
